guide_rna,deepCpf1,seqDeepCpf1
CTCTAGTTTGCGATAGTGTA,85.95621,12.084718
TTTGTTTGTTAGTGCTGATA,71.092545,10.165046
TTGTTAGTGCTGATATAAGC,66.5849,9.603646
TAGTGCTGATATAAGCTTAA,61.549404,8.947031
GTCCCATTCTCGTAGATAAA,61.316334,8.913807
ATACAAGTACAAAATTAGGT,58.584045,8.558083
TGAAACAACTTTCCGATCAT,55.4895,8.167478
AAATACAGGGAGTTGTTTCG,50.2715,7.511533
GATGAGGCAACCGTCGACAA,46.64764,7.037221
GAACCCGACCTTACCGAGAA,46.472054,6.9977093
ATATGAAAGATGTTTATACA,33.90756,5.3771544
TTACTTTGTCATTTTGCCAT,13.853888,2.999524
CATTTTGCCATAAGATTGGT,1.5310864,1.3926696
CATAATGGTTGAAATGAATG,1.5068634,1.3946606
